Ordem,Linha,Data,Order Type,Quantidade,Produto
10911KD,1,04/11/2019,VENDOR,1,YIZ12FF-A
10911KD,2,04/11/2019,VENDOR,1,YIZ12FF-A
10911KD,3,04/11/2019,VENDOR,1,YIIE2FF-A
10911KD,4,04/11/2019,VENDOR,1,YIR72FF-A
10911KD,5,04/11/2019,VENDOR,1,YIR72FF-A
10911KD,6,04/11/2019,VENDOR,1,YIR72FF-A
124636,1,04/11/2019,PF,1,HYY32ZY-A
124636,2,04/11/2019,PF,1,HYY32ZY-A
1719KD5,1,04/11/2019,VENDOR,1,YI742FF-A
1719KD5,2,04/11/2019,VENDOR,1,YI742FF-A
1719KD5,3,04/11/2019,VENDOR,1,YI742FF-A
1719KD5,4,04/11/2019,VENDOR,1,YI742FF-A
22215KD,1,04/11/2019,VENDOR,1,YI762FF-A
22215KD,2,04/11/2019,VENDOR,1,YI762FF-A
22215KD,3,04/11/2019,VENDOR,1,YI762FF-A
22215KD,4,04/11/2019,VENDOR,1,YI762FF-A
22215KD,5,04/11/2019,VENDOR,1,YI762FF-A
22215KD,6,04/11/2019,VENDOR,1,YI762FF-A
22215KD,7,04/11/2019,VENDOR,1,YI6E2FF-A
22215KD,8,04/11/2019,VENDOR,1,YI6E2FF-A
22215KD,9,04/11/2019,VENDOR,1,YI6E2FF-A
229077,1,04/11/2019,VENDOR,1,YI762FF-A
229077,2,04/11/2019,VENDOR,1,YI762FF-A
229077,3,04/11/2019,VENDOR,1,YI762FF-A
229077,4,04/11/2019,VENDOR,1,YI742FF-A
229077,5,04/11/2019,VENDOR,1,YI742FF-A
229077,6,04/11/2019,VENDOR,1,YI742FF-A
229077,7,04/11/2019,VENDOR,1,YI772FF-A
229077,8,04/11/2019,VENDOR,1,YI772FF-A
229077,9,04/11/2019,VENDOR,1,YI772FF-A
230692,1,04/11/2019,VENDOR,1,YIIE2FF-A
23KD709,1,04/11/2019,VENDOR,1,YIZ12FF-A
23KD709,2,04/11/2019,VENDOR,1,YIZ12FF-A
23KD709,3,04/11/2019,VENDOR,1,YIZ12FF-A
23KD709,4,04/11/2019,VENDOR,1,YIZ12FF-A
23KD709,5,04/11/2019,VENDOR,1,YIRE2FF-A
23KD709,6,04/11/2019,VENDOR,1,YIRE2FF-A
23KD709,7,04/11/2019,VENDOR,1,YIRE2FF-A
23KD709,8,04/11/2019,VENDOR,1,YIRE2FF-A
23KD709,9,04/11/2019,VENDOR,1,YIIK2FF-A
23KD709,10,04/11/2019,VENDOR,1,YIIK2FF-A
23KD709,11,04/11/2019,VENDOR,1,YIZ32FF-A
23KD709,12,04/11/2019,VENDOR,1,YZ3F2FF-A
30KDKD46,1,04/11/2019,PF,1,YNF82FF-A
367KD73,1,04/11/2019,VENDOR,1,YTFL2FF-A
367KD73,2,04/11/2019,VENDOR,1,YTFL2FF-A
367KD73,3,04/11/2019,VENDOR,1,YTHR2FF-A
367KD73,4,04/11/2019,VENDOR,1,YU0Y2FF-A
367KD74,1,04/11/2019,VENDOR,1,YI6A2FF-A
367KD74,2,04/11/2019,VENDOR,1,YI6A2FF-A
367KD74,3,04/11/2019,VENDOR,1,YI6A2FF-A
367KD7KD,1,04/11/2019,VENDOR,1,YTZR2FF-A
367KD79,1,04/11/2019,VENDOR,1,YI772FF-A
3000KD5,1,04/11/2019,PF,1,YIY32FF-A
397423,1,04/11/2019,VENDOR,1,YIRF2FF-A
397423,2,04/11/2019,VENDOR,1,YIRF2FF-A
397423,3,04/11/2019,VENDOR,1,YIRF2FF-A
397423,4,04/11/2019,VENDOR,1,YIRF2FF-A
397427,1,04/11/2019,VENDOR,1,YI752FF-A
397427,2,04/11/2019,VENDOR,1,YI752FF-A
397427,3,04/11/2019,VENDOR,1,YI752FF-A
402466,1,04/11/2019,VENDOR,1,YRT32FF-A
4110KD9,1,04/11/2019,VENDOR,1,YIZ12FF-A
4110KD9,2,04/11/2019,VENDOR,1,YZ3E2FF-A
4110KD9,3,04/11/2019,VENDOR,1,YZ3E2FF-A
4110KD9,4,04/11/2019,VENDOR,1,YIIE2FF-A
4110KD9,5,04/11/2019,VENDOR,1,YIIE2FF-A
4110KD9,6,04/11/2019,VENDOR,1,YIIE2FF-A
4110KD9,7,04/11/2019,VENDOR,1,YIIE2FF-A
4110KD9,8,04/11/2019,VENDOR,1,YIIE2FF-A
4110KD9,9,04/11/2019,VENDOR,1,YIIE2FF-A
4110KD9,10,04/11/2019,VENDOR,1,YIIE2FF-A
4110KD9,11,04/11/2019,VENDOR,1,YIIE2FF-A
4110KD9,12,04/11/2019,VENDOR,1,YIIE2FF-A
4110KD9,13,04/11/2019,VENDOR,1,YIIE2FF-A
4110KD9,14,04/11/2019,VENDOR,1,YIIE2FF-A
4110KD9,15,04/11/2019,VENDOR,1,YIIE2FF-A
4110KD9,16,04/11/2019,VENDOR,1,YIIE2FF-A
4110KD9,17,04/11/2019,VENDOR,1,YIIE2FF-A
4110KD9,18,04/11/2019,VENDOR,1,YIIK2FF-A
4110KD9,19,04/11/2019,VENDOR,1,YIIK2FF-A
4110KD9,20,04/11/2019,VENDOR,1,YIRF2FF-A
4110KD9,21,04/11/2019,VENDOR,1,YIRF2FF-A
4110KD9,22,04/11/2019,VENDOR,1,YIRF2FF-A
4110KD9,23,04/11/2019,VENDOR,1,YIRF2FF-A
4110KD9,24,04/11/2019,VENDOR,1,YIRF2FF-A
4110KD9,25,04/11/2019,VENDOR,1,YIRF2FF-A
4110KD9,26,04/11/2019,VENDOR,1,YIRF2FF-A
4110KD9,27,04/11/2019,VENDOR,1,YIRF2FF-A
4110KD9,28,04/11/2019,VENDOR,1,YZ332FF-A
4110KD9,29,04/11/2019,VENDOR,1,YZ332FF-A
4110KD9,30,04/11/2019,VENDOR,1,YIZ22FF-A
4110KD9,31,04/11/2019,VENDOR,1,YIZ22FF-A
4110KD9,32,04/11/2019,VENDOR,1,YIZ22FF-A
4110KD9,33,04/11/2019,VENDOR,1,YIZ22FF-A
4110KD9,34,04/11/2019,VENDOR,1,YIZ22FF-A
4110KD9,35,04/11/2019,VENDOR,1,YIZ22FF-A
4110KD9,36,04/11/2019,VENDOR,1,YIZ22FF-A
4110KD9,37,04/11/2019,VENDOR,1,YIZ22FF-A
4110KD9,38,04/11/2019,VENDOR,1,YZ3I2FF-A
4110KD9,39,04/11/2019,VENDOR,1,YIZ32FF-A
4110KD9,40,04/11/2019,VENDOR,1,YZ3F2FF-A
4110KD9,41,04/11/2019,VENDOR,1,YZ3F2FF-A
4110KD9,42,04/11/2019,VENDOR,1,YZ3F2FF-A
4110KD9,43,04/11/2019,VENDOR,1,YZ3F2FF-A
423593,1,04/11/2019,PF,1,YRIY2ZY-A
423KD31,1,04/11/2019,PF,1,YSUE2FF-A
425909,1,04/11/2019,PF,1,YSUE2FF-A
437344,1,04/11/2019,VENDOR,1,YIZ22FF-A
437344,2,04/11/2019,VENDOR,1,YIZ22FF-A
437344,3,04/11/2019,VENDOR,1,YIZ22FF-A
437344,4,04/11/2019,VENDOR,1,YIZ22FF-A
447754,1,04/11/2019,VENDOR,1,YIR82FF-A
447754,2,04/11/2019,VENDOR,1,YIR82FF-A
447754,3,04/11/2019,VENDOR,1,YIR82FF-A
447754,4,04/11/2019,VENDOR,1,YZ3F2FF-A
447754,5,04/11/2019,VENDOR,1,YZ3F2FF-A
459021,1,04/11/2019,VENDOR,1,YIIG2FF-A
459021,2,04/11/2019,VENDOR,1,YIIG2FF-A
4603KD2,1,04/11/2019,VENDOR,1,YIR82FF-A
4603KD2,2,04/11/2019,VENDOR,1,YIRF2FF-A
4603KD2,3,04/11/2019,VENDOR,1,YIRF2FF-A
4603KD2,4,04/11/2019,VENDOR,1,YIRF2FF-A
4603KD2,5,04/11/2019,VENDOR,1,YIRF2FF-A
4603KD2,6,04/11/2019,VENDOR,1,YIZ32FF-A
4603KD2,7,04/11/2019,VENDOR,1,YIZ32FF-A
462KD69,1,04/11/2019,VENDOR,1,YIR72FF-A
462KD69,2,04/11/2019,VENDOR,1,YIR72FF-A
462KD69,3,04/11/2019,VENDOR,1,YIR72FF-A
473670,1,04/11/2019,PF,1,YSUE2FF-A
4KD1672,1,04/11/2019,PF,1,YSUE2FF-A
4KD2302,1,04/11/2019,PF,1,YRIT2ZY-A
4KD2302,2,04/11/2019,PF,1,YIIE2FF-A
4KD7037,1,04/11/2019,PF,1,YILU2FF-A
4KD7670,1,04/11/2019,PF,1,YIYK2ZY-A
4KD7670,2,04/11/2019,PF,1,YR7N2BE-A
4KD7670,3,04/11/2019,PF,1,YU7Y2FF-A
4KD7670,4,04/11/2019,PF,1,YU7Y2FF-A
4KD7670,5,04/11/2019,PF,1,YSGJ2FF-A
4KD7670,6,04/11/2019,PF,1,YKS42FF-A
4KD7670,7,04/11/2019,PF,1,YITS2AY-A
4KD7751,1,05/11/2019,PF,1,YIHY2FF-A
4KDKDKD65,1,04/11/2019,PF,1,YZ8E2AY-A
4KDKDKD65,2,04/11/2019,PF,1,YIU32AY-A
4KDKDKD65,3,04/11/2019,PF,1,YIUD2AY-A
492313,1,04/11/2019,VENDOR,1,YIIE2FF-A
492313,2,04/11/2019,VENDOR,1,YIIE2FF-A
492313,3,04/11/2019,VENDOR,1,YIIE2FF-A
492313,4,04/11/2019,VENDOR,1,YIIE2FF-A
492313,5,04/11/2019,VENDOR,1,YIIE2FF-A
492313,6,04/11/2019,VENDOR,1,YIIE2FF-A
492313,7,04/11/2019,VENDOR,1,YIIE2FF-A
493274,1,04/11/2019,VENDOR,1,YRT32FF-A
493276,1,04/11/2019,VENDOR,1,YI742FF-A
493276,2,04/11/2019,VENDOR,1,YI742FF-A
493276,3,04/11/2019,VENDOR,1,YI742FF-A
493276,4,04/11/2019,VENDOR,1,YI742FF-A
497506,1,04/11/2019,PF,1,YI332FF-A
500636,1,04/11/2019,VENDOR,1,YTZR2FF-A
500636,2,04/11/2019,VENDOR,1,YTZR2FF-A
500636,3,04/11/2019,VENDOR,1,YI772FF-A
500636,4,04/11/2019,VENDOR,1,YI772FF-A
500636,5,04/11/2019,VENDOR,1,YI772FF-A
500636,6,04/11/2019,VENDOR,1,YI772FF-A
500636,7,04/11/2019,VENDOR,1,YI772FF-A
500636,8,04/11/2019,VENDOR,1,YI752FF-A
500636,9,04/11/2019,VENDOR,1,YI752FF-A
500636,10,04/11/2019,VENDOR,1,YI752FF-A
50063KD,1,04/11/2019,VENDOR,1,YIRD2FF-A
50063KD,2,04/11/2019,VENDOR,1,YIRD2FF-A
50063KD,3,04/11/2019,VENDOR,1,YIIE2FF-A
500954,1,04/11/2019,VENDOR,1,YI742FF-A
500954,2,04/11/2019,VENDOR,1,YTZR2FF-A
505999,1,04/11/2019,PF,1,YLA02BE-A
5115KD3,1,04/11/2019,VENDOR,1,YIRF2FF-A
5115KD5,1,04/11/2019,VENDOR,1,YI752FF-A
5115KD5,2,04/11/2019,VENDOR,1,YI752FF-A
5115KD5,3,04/11/2019,VENDOR,1,YI752FF-A
51KD795,1,04/11/2019,VENDOR,1,YI742FF-A
51KD795,2,04/11/2019,VENDOR,1,YI742FF-A
51KD795,3,04/11/2019,VENDOR,1,YI742FF-A
521595,1,04/11/2019,PF,1,YR7N2BE-A
523599,1,04/11/2019,VENDOR,1,YIRF2FF-A
52563KD,1,04/11/2019,PF,1,YUU62FF-A
529327,1,04/11/2019,VENDOR,1,YIIE2FF-A
529901,1,04/11/2019,VENDOR,1,YR0E2FF-A
529901,2,04/11/2019,VENDOR,1,YR0E2FF-A
529901,3,04/11/2019,VENDOR,1,YUU62FF-A
529901,4,04/11/2019,VENDOR,1,YUU62FF-A
534546,1,04/11/2019,VENDOR,1,YTZP2FF-A
534546,2,04/11/2019,VENDOR,1,YTZP2FF-A
534546,3,04/11/2019,VENDOR,1,YTZP2FF-A
534546,4,04/11/2019,VENDOR,1,YTZP2FF-A
534546,5,04/11/2019,VENDOR,1,YTZP2FF-A
53463KD,1,04/11/2019,PF,1,HKKP2ZY-A
536476,1,04/11/2019,PF,1,YIY02FF-A
53KD712,1,04/11/2019,PF,1,YIHH2FF-A
53KD712,2,04/11/2019,PF,1,YZ032ZY-A
539033,1,04/11/2019,VENDOR,1,YIIE2FF-A
539033,2,04/11/2019,VENDOR,1,YIRF2FF-A
539033,3,04/11/2019,VENDOR,1,YIZ22FF-A
539094,1,04/11/2019,VENDOR,1,YI742FF-A
539494,1,04/11/2019,PF,1,HHU22ZY-3
540KD75,1,05/11/2019,PF,1,YIHN2FF-A
546070,1,04/11/2019,PF,1,YRZJ2BE-A
546070,2,04/11/2019,PF,1,HNEY2ZY-A
546112,1,04/11/2019,PF,1,YTP62AY-A
547417,1,04/11/2019,VENDOR,1,YIRE2FF-A
547417,2,04/11/2019,VENDOR,1,YIRE2FF-A
547417,3,04/11/2019,VENDOR,1,YIRE2FF-A
547417,4,04/11/2019,VENDOR,1,YIRE2FF-A
547417,5,04/11/2019,VENDOR,1,YIRE2FF-A
547417,6,04/11/2019,VENDOR,1,YIRE2FF-A
547417,7,04/11/2019,VENDOR,1,YIRE2FF-A
547417,8,04/11/2019,VENDOR,1,YIRE2FF-A
547417,9,04/11/2019,VENDOR,1,YIRE2FF-A
547417,10,04/11/2019,VENDOR,1,YIRE2FF-A
547417,11,04/11/2019,VENDOR,1,YIRE2FF-A
547417,12,04/11/2019,VENDOR,1,YIRE2FF-A
547417,13,04/11/2019,VENDOR,1,YIRE2FF-A
547417,14,04/11/2019,VENDOR,1,YIRE2FF-A
547417,15,04/11/2019,VENDOR,1,YIRE2FF-A
547417,16,04/11/2019,VENDOR,1,YIRE2FF-A
547417,17,04/11/2019,VENDOR,1,YIRF2FF-A
547417,18,04/11/2019,VENDOR,1,YIRF2FF-A
547417,19,04/11/2019,VENDOR,1,YIRF2FF-A
547417,20,04/11/2019,VENDOR,1,YIRF2FF-A
547417,21,04/11/2019,VENDOR,1,YIRF2FF-A
547417,22,04/11/2019,VENDOR,1,YIRF2FF-A
547417,23,04/11/2019,VENDOR,1,YIRF2FF-A
547417,24,04/11/2019,VENDOR,1,YIRF2FF-A
547417,25,04/11/2019,VENDOR,1,YIRF2FF-A
547417,26,04/11/2019,VENDOR,1,YIRF2FF-A
547417,27,04/11/2019,VENDOR,1,YIRF2FF-A
547417,28,04/11/2019,VENDOR,1,YIRF2FF-A
547417,29,04/11/2019,VENDOR,1,YIRF2FF-A
547417,30,04/11/2019,VENDOR,1,YIRF2FF-A
547417,31,04/11/2019,VENDOR,1,YIRF2FF-A
547417,32,04/11/2019,VENDOR,1,YIRF2FF-A
547417,33,04/11/2019,VENDOR,1,YIR72FF-A
547417,34,04/11/2019,VENDOR,1,YIR72FF-A
547417,35,04/11/2019,VENDOR,1,YIR72FF-A
547417,36,04/11/2019,VENDOR,1,YIR72FF-A
547417,37,04/11/2019,VENDOR,1,YIR72FF-A
547417,38,04/11/2019,VENDOR,1,YIR72FF-A
547417,39,04/11/2019,VENDOR,1,YIR72FF-A
547417,40,04/11/2019,VENDOR,1,YIR72FF-A
547417,41,04/11/2019,VENDOR,1,YIR72FF-A
547417,42,04/11/2019,VENDOR,1,YIR72FF-A
547417,43,04/11/2019,VENDOR,1,YIR72FF-A
547417,44,04/11/2019,VENDOR,1,YIR72FF-A
547417,45,04/11/2019,VENDOR,1,YIR72FF-A
547417,46,04/11/2019,VENDOR,1,YIR72FF-A
547417,47,04/11/2019,VENDOR,1,YIR72FF-A
547417,48,04/11/2019,VENDOR,1,YIR72FF-A
547417,49,04/11/2019,VENDOR,1,YIR82FF-A
547417,50,04/11/2019,VENDOR,1,YIR82FF-A
547417,51,04/11/2019,VENDOR,1,YIR82FF-A
547417,52,04/11/2019,VENDOR,1,YIR82FF-A
547417,53,04/11/2019,VENDOR,1,YIR82FF-A
547417,54,04/11/2019,VENDOR,1,YIR82FF-A
547417,55,04/11/2019,VENDOR,1,YIR82FF-A
547417,56,04/11/2019,VENDOR,1,YIR82FF-A
547417,57,04/11/2019,VENDOR,1,YIR82FF-A
547417,58,04/11/2019,VENDOR,1,YIR82FF-A
547417,59,04/11/2019,VENDOR,1,YIR82FF-A
547417,60,04/11/2019,VENDOR,1,YIR82FF-A
547417,61,04/11/2019,VENDOR,1,YIR82FF-A
547417,62,04/11/2019,VENDOR,1,YIR82FF-A
547417,63,04/11/2019,VENDOR,1,YIR82FF-A
547417,64,04/11/2019,VENDOR,1,YIR82FF-A
54KD26KD,1,04/11/2019,STORE,1,HKS32ZY-A
54KD26KD,2,04/11/2019,STORE,1,HKS32ZY-A
54KD26KD,3,04/11/2019,STORE,1,HKS32ZY-A
54KD26KD,4,04/11/2019,STORE,1,HKS32ZY-A
54KD26KD,5,04/11/2019,STORE,1,HKS32ZY-A
54KD26KD,6,04/11/2019,STORE,1,HKS32ZY-A
54KD26KD,7,04/11/2019,STORE,1,HN6I2ZY-A
54KD26KD,8,04/11/2019,STORE,1,HN6I2ZY-A
54KD26KD,9,04/11/2019,STORE,1,HN6I2ZY-A
54KD26KD,10,04/11/2019,STORE,1,HN6I2ZY-A
54KD26KD,11,04/11/2019,STORE,1,HN6I2ZY-A
54KD26KD,12,04/11/2019,STORE,1,HN6I2ZY-A
54KD26KD,13,04/11/2019,STORE,1,HN632ZY-A
54KD26KD,14,04/11/2019,STORE,1,HN632ZY-A
54KD26KD,15,04/11/2019,STORE,1,HN632ZY-A
54KD26KD,16,04/11/2019,STORE,1,HN632ZY-A
54KD26KD,17,04/11/2019,STORE,1,HN632ZY-A
54KD26KD,18,04/11/2019,STORE,1,HN632ZY-A
550930,1,04/11/2019,PF,1,YD819FF-A
551474,1,04/11/2019,VENDOR,1,YIR72FF-A
551474,2,04/11/2019,VENDOR,1,YIR72FF-A
551474,3,04/11/2019,VENDOR,1,YIRF2FF-A
551474,4,04/11/2019,VENDOR,1,YIRF2FF-A
551474,5,04/11/2019,VENDOR,1,YIRF2FF-A
553272,1,05/11/2019,PF,1,YIY02FF-A
55693KD,1,04/11/2019,PF,1,YIY22FF-A
559169,1,04/11/2019,VENDOR,1,YTHR2FF-A
559169,2,04/11/2019,VENDOR,1,YTHR2FF-A
559170,1,04/11/2019,VENDOR,1,YRT32FF-A
559170,2,04/11/2019,VENDOR,1,YRT32FF-A
559170,3,04/11/2019,VENDOR,1,YYSA2FF-A
559171,1,04/11/2019,VENDOR,1,YIIE2FF-A
559171,2,04/11/2019,VENDOR,1,YIRF2FF-A
560711,1,04/11/2019,PF,1,YU7E2AY-A
562KD69,1,04/11/2019,PF,1,YSUE2FF-A
563323,1,04/11/2019,PF,1,YIHR2FF-A
563323,2,04/11/2019,PF,1,YZ0H2ZY-A
563323,3,04/11/2019,PF,1,HLZ42BR-A
563323,4,04/11/2019,PF,1,YRZJ2BE-A
564923,1,04/11/2019,STORE,1,HKS32ZY-A
564923,2,04/11/2019,STORE,1,HKS32ZY-A
564923,3,04/11/2019,STORE,1,HKS32ZY-A
564923,4,04/11/2019,STORE,1,HKS32ZY-A
564923,5,04/11/2019,STORE,1,HKS32ZY-A
564923,6,04/11/2019,STORE,1,HKS32ZY-A
564923,7,04/11/2019,STORE,1,HN6I2ZY-A
564923,8,04/11/2019,STORE,1,HN6I2ZY-A
564923,9,04/11/2019,STORE,1,HN6I2ZY-A
564923,10,04/11/2019,STORE,1,HN6I2ZY-A
564923,11,04/11/2019,STORE,1,HN6I2ZY-A
564923,12,04/11/2019,STORE,1,HN6I2ZY-A
564923,13,04/11/2019,STORE,1,HN632ZY-A
564923,14,04/11/2019,STORE,1,HN632ZY-A
564923,15,04/11/2019,STORE,1,HN632ZY-A
564923,16,04/11/2019,STORE,1,HN632ZY-A
564923,17,04/11/2019,STORE,1,HN632ZY-A
564923,18,04/11/2019,STORE,1,HN632ZY-A
569349,1,04/11/2019,PF,1,YK122FF-A
569412,1,04/11/2019,VENDOR,1,YI6E2FF-A
569412,2,04/11/2019,VENDOR,1,YI6E2FF-A
569412,3,04/11/2019,VENDOR,1,YI6E2FF-A
569412,4,04/11/2019,VENDOR,1,YI6E2FF-A
569412,5,04/11/2019,VENDOR,1,YI6E2FF-A
569412,6,04/11/2019,VENDOR,1,YI6E2FF-A
569412,7,04/11/2019,VENDOR,1,YI6F2FF-A
569412,8,04/11/2019,VENDOR,1,YI6F2FF-A
573643,1,04/11/2019,VENDOR,1,YIRF2FF-A
573645,1,04/11/2019,VENDOR,1,YR962FF-A
573645,2,04/11/2019,VENDOR,1,YR962FF-A
574709,1,04/11/2019,PF,1,YIZ12FF-A
576363,1,04/11/2019,PF,1,YSUE2FF-A
576KD69,1,04/11/2019,PF,1,YU8F2FF-A
577495,1,05/11/2019,PF,1,YI362FF-A
5KD23KD3,1,04/11/2019,VENDOR,1,YIR62FF-A
5KD23KD3,2,04/11/2019,VENDOR,1,YIZ32FF-A
5KD6111,1,04/11/2019,PF,1,YSUE2FF-A
5KD7320,1,04/11/2019,VENDOR,1,YIIE2FF-A
590212,1,04/11/2019,VENDOR,1,YI6E2FF-A
590212,2,04/11/2019,VENDOR,1,YI6E2FF-A
590212,3,04/11/2019,VENDOR,1,YI6E2FF-A
590756,1,04/11/2019,VENDOR,1,YI6E2FF-A
590756,2,04/11/2019,VENDOR,1,YI6E2FF-A
591191,1,04/11/2019,PF,1,YTEY2FF-A
595553,1,04/11/2019,PF,1,YYEL2AY-A
595644,1,04/11/2019,VENDOR,1,YIIE2FF-A
595644,2,04/11/2019,VENDOR,1,YIR82FF-A
595644,3,04/11/2019,VENDOR,1,YIRF2FF-A
595644,4,04/11/2019,VENDOR,1,YIZ22FF-A
595644,5,04/11/2019,VENDOR,1,YIZ32FF-A
595644,6,04/11/2019,VENDOR,1,YIZ32FF-A
596221,1,04/11/2019,PF,1,YYZ62FF-A
596462,1,04/11/2019,VENDOR,1,YR962FF-A
596462,2,04/11/2019,VENDOR,1,YR962FF-A
597031,1,04/11/2019,PF,1,YSUE2FF-A
59949KD,1,04/11/2019,VENDOR,1,YIRF2FF-A
59949KD,2,04/11/2019,VENDOR,1,YIRF2FF-A
600396,1,04/11/2019,VENDOR,1,YI762FF-A
600396,2,04/11/2019,VENDOR,1,YI6E2FF-A
600396,3,04/11/2019,VENDOR,1,YI6E2FF-A
600396,4,04/11/2019,VENDOR,1,YI6E2FF-A
600937,1,04/11/2019,VENDOR,1,YIR72FF-A
601426,1,04/11/2019,VENDOR,1,YIIE2FF-A
601426,2,04/11/2019,VENDOR,1,YIR82FF-A
601426,3,04/11/2019,VENDOR,1,YIRF2FF-A
601426,4,04/11/2019,VENDOR,1,YIRF2FF-A
601426,5,04/11/2019,VENDOR,1,YIRF2FF-A
601426,6,04/11/2019,VENDOR,1,YIRF2FF-A
601KD20,1,04/11/2019,VENDOR,1,YRFN2FF-A
601KD22,1,04/11/2019,VENDOR,1,YI6E2FF-A
601KD22,2,04/11/2019,VENDOR,1,YI6E2FF-A
601KD22,3,04/11/2019,VENDOR,1,YI6E2FF-A
601KD22,4,04/11/2019,VENDOR,1,YI6E2FF-A
601KD22,5,04/11/2019,VENDOR,1,YI6E2FF-A
601KD22,6,04/11/2019,VENDOR,1,YI6E2FF-A
601KD22,7,04/11/2019,VENDOR,1,YUU32FF-A
601KD22,8,04/11/2019,VENDOR,1,YUU32FF-A
601KD22,9,04/11/2019,VENDOR,1,YI792FF-A
601KD22,10,04/11/2019,VENDOR,1,YI792FF-A
601KD22,11,04/11/2019,VENDOR,1,YI752FF-A
601960,1,04/11/2019,PF,1,YIHY2FF-A
601960,2,04/11/2019,PF,1,YZ032ZY-A
602316,1,04/11/2019,PF,1,YIY02FF-A
605100,1,04/11/2019,VENDOR,1,YIIE2FF-A
605104,1,04/11/2019,VENDOR,1,YI6A2FF-A
606616,1,04/11/2019,PF,1,YKS42FF-A
606616,2,04/11/2019,PF,1,YR2A2FF-A
607961,1,04/11/2019,VENDOR,1,YI772FF-A
607961,2,04/11/2019,VENDOR,1,YI772FF-A
60KD605,1,04/11/2019,VENDOR,1,YI742FF-A
60KD605,2,04/11/2019,VENDOR,1,YI742FF-A
60KD606,1,04/11/2019,VENDOR,1,YIR72FF-A
60KD607,1,04/11/2019,VENDOR,1,YIIE2FF-A
60KD607,2,04/11/2019,VENDOR,1,YIIE2FF-A
60KD607,3,04/11/2019,VENDOR,1,YIIE2FF-A
60KD607,4,04/11/2019,VENDOR,1,YIIE2FF-A
60KD607,5,04/11/2019,VENDOR,1,YIRF2FF-A
60KD607,6,04/11/2019,VENDOR,1,YZ3I2FF-A
60KD607,7,04/11/2019,VENDOR,1,YZ3I2FF-A
610690,1,04/11/2019,VENDOR,1,YIRD2FF-A
610690,2,04/11/2019,VENDOR,1,YIID2FF-A
610690,3,04/11/2019,VENDOR,1,YIRF2FF-A
610690,4,04/11/2019,VENDOR,1,YIRF2FF-A
610690,5,04/11/2019,VENDOR,1,YIRF2FF-A
610690,6,04/11/2019,VENDOR,1,YIRF2FF-A
610690,7,04/11/2019,VENDOR,1,YIZ32FF-A
610690,8,04/11/2019,VENDOR,1,YIZ32FF-A
610690,9,04/11/2019,VENDOR,1,YIZ32FF-A
610690,10,04/11/2019,VENDOR,1,YIZ32FF-A
613945,1,04/11/2019,VENDOR,1,3F561FF-A
614476,1,04/11/2019,VENDOR,1,YIIE2FF-A
614476,2,04/11/2019,VENDOR,1,YIR82FF-A
614476,3,04/11/2019,VENDOR,1,YIRF2FF-A
614476,4,04/11/2019,VENDOR,1,YIZ22FF-A
614749,1,04/11/2019,VENDOR,1,YIRF2FF-A
614749,2,04/11/2019,VENDOR,1,YIRF2FF-A
614749,3,04/11/2019,VENDOR,1,YIRF2FF-A
614749,4,04/11/2019,VENDOR,1,YIRF2FF-A
614749,5,04/11/2019,VENDOR,1,YIRF2FF-A
614749,6,04/11/2019,VENDOR,1,YIRF2FF-A
614KD73,1,04/11/2019,VENDOR,1,YI6E2FF-A
614KD73,2,04/11/2019,VENDOR,1,YI6E2FF-A
614KD73,3,04/11/2019,VENDOR,1,YI6E2FF-A
614KD73,4,04/11/2019,VENDOR,1,YI772FF-A
614KD73,5,04/11/2019,VENDOR,1,YI6F2FF-A
614KD73,6,04/11/2019,VENDOR,1,YI6F2FF-A
614KD73,7,04/11/2019,VENDOR,1,YI6F2FF-A
614KD79,1,04/11/2019,VENDOR,1,YIIE2FF-A
616599,1,04/11/2019,VENDOR,1,YIID2FF-A
616599,2,04/11/2019,VENDOR,1,YIID2FF-A
616599,3,04/11/2019,VENDOR,1,YIR82FF-A
616734,1,04/11/2019,PF,1,YIR62FF-A
6219KD6,1,04/11/2019,PF,1,YSUE2FF-A
6219KD9,1,05/11/2019,PF,1,YPTL2FF-A
622996,1,04/11/2019,VENDOR,1,YIR82FF-A
623035,1,05/11/2019,PF,1,YRY92BR-A
624317,1,04/11/2019,PF,1,YI742FF-A
625162,1,04/11/2019,PF,1,YYTN2FF-A
6259KD3,1,04/11/2019,VENDOR,1,YIR72FF-A
6259KD3,2,04/11/2019,VENDOR,1,YIRF2FF-A
6259KD3,3,04/11/2019,VENDOR,1,YIZ22FF-A
6270KD9,1,04/11/2019,VENDOR,1,YI762FF-A
6270KD9,2,04/11/2019,VENDOR,1,YI762FF-A
6270KD9,3,04/11/2019,VENDOR,1,YI762FF-A
6270KD9,4,04/11/2019,VENDOR,1,YI762FF-A
6270KD9,5,04/11/2019,VENDOR,1,YI762FF-A
6270KD9,6,04/11/2019,VENDOR,1,YTEL2FF-A
6270KD9,7,04/11/2019,VENDOR,1,YTEL2FF-A
627644,1,04/11/2019,VENDOR,1,YIIF2FF-A
627644,2,04/11/2019,VENDOR,1,YIIF2FF-A
627644,3,04/11/2019,VENDOR,1,YIIF2FF-A
627644,4,04/11/2019,VENDOR,1,YIIF2FF-A
627644,5,04/11/2019,VENDOR,1,YIIF2FF-A
627644,6,04/11/2019,VENDOR,1,YIIF2FF-A
627644,7,04/11/2019,VENDOR,1,YIIF2FF-A
627644,8,04/11/2019,VENDOR,1,YIIF2FF-A
627644,9,04/11/2019,VENDOR,1,YIRF2FF-A
627644,10,04/11/2019,VENDOR,1,YIRF2FF-A
627644,11,04/11/2019,VENDOR,1,YIRF2FF-A
627644,12,04/11/2019,VENDOR,1,YIRF2FF-A
627644,13,04/11/2019,VENDOR,1,YIRF2FF-A
627644,14,04/11/2019,VENDOR,1,YIRF2FF-A
627644,15,04/11/2019,VENDOR,1,YIRF2FF-A
627644,16,04/11/2019,VENDOR,1,YIRF2FF-A
627644,17,04/11/2019,VENDOR,1,YIRF2FF-A
627644,18,04/11/2019,VENDOR,1,YIRF2FF-A
627644,19,04/11/2019,VENDOR,1,YIRF2FF-A
627644,20,04/11/2019,VENDOR,1,YIRF2FF-A
627644,21,04/11/2019,VENDOR,1,YIRF2FF-A
627644,22,04/11/2019,VENDOR,1,YIRF2FF-A
627644,23,04/11/2019,VENDOR,1,YIRF2FF-A
627644,24,04/11/2019,VENDOR,1,YIRF2FF-A
627644,25,04/11/2019,VENDOR,1,YIRF2FF-A
627644,26,04/11/2019,VENDOR,1,YIRF2FF-A
627644,27,04/11/2019,VENDOR,1,YIRF2FF-A
627644,28,04/11/2019,VENDOR,1,YIRF2FF-A
627644,29,04/11/2019,VENDOR,1,YIRF2FF-A
627644,30,04/11/2019,VENDOR,1,YIRF2FF-A
627644,31,04/11/2019,VENDOR,1,YIRF2FF-A
627644,32,04/11/2019,VENDOR,1,YIRF2FF-A
627644,33,04/11/2019,VENDOR,1,YIRF2FF-A
627644,34,04/11/2019,VENDOR,1,YIRF2FF-A
627644,35,04/11/2019,VENDOR,1,YIRF2FF-A
627644,36,04/11/2019,VENDOR,1,YIRF2FF-A
627959,1,04/11/2019,PF,1,YY4T2AY-A
627959,2,04/11/2019,PF,1,YY4T2AY-A
62KD1KD4,1,04/11/2019,VENDOR,1,3G112FF-A
62KD1KD4,2,04/11/2019,VENDOR,1,3G112FF-A
62KD1KD4,3,04/11/2019,VENDOR,1,YIIL2FF-A
62KD1KD4,4,04/11/2019,VENDOR,1,YIIL2FF-A
62KD1KD4,5,04/11/2019,VENDOR,1,YIIL2FF-A
62KD1KD4,6,04/11/2019,VENDOR,1,YZ3D2FF-A
62KD1KD4,7,04/11/2019,VENDOR,1,YZ3D2FF-A
62KD1KD4,8,04/11/2019,VENDOR,1,YZ3D2FF-A
62KD1KD4,9,04/11/2019,VENDOR,1,YIRE2FF-A
62KD1KD4,10,04/11/2019,VENDOR,1,YIRE2FF-A
62KD1KD4,11,04/11/2019,VENDOR,1,YIRE2FF-A
62KD1KD4,12,04/11/2019,VENDOR,1,YIRE2FF-A
62KD1KD4,13,04/11/2019,VENDOR,1,YIRE2FF-A
62KD1KD4,14,04/11/2019,VENDOR,1,YIZ92FF-A
62KD1KD4,15,04/11/2019,VENDOR,1,YIZ92FF-A
62KD1KD4,16,04/11/2019,VENDOR,1,YIZ92FF-A
62KD1KD4,17,04/11/2019,VENDOR,1,YII32FF-A
62KD1KD4,18,04/11/2019,VENDOR,1,YII32FF-A
62KD1KD4,19,04/11/2019,VENDOR,1,3G120FF-A
62KD1KD4,20,04/11/2019,VENDOR,1,3G120FF-A
62KD1KD4,21,04/11/2019,VENDOR,1,YIZ32FF-A
62KD1KD4,22,04/11/2019,VENDOR,1,YIZ32FF-A
62KD1KD4,23,04/11/2019,VENDOR,1,YIZ32FF-A
62KD1KD4,24,04/11/2019,VENDOR,1,YIZ32FF-A
62KD1KD4,25,04/11/2019,VENDOR,1,YIZ32FF-A
62KDKD61,1,04/11/2019,PF,1,YIHY2FF-A
62942KD,1,04/11/2019,PF,1,YIHL2FF-A
630099,1,04/11/2019,VENDOR,1,YI742FF-A
630099,2,04/11/2019,VENDOR,1,YI742FF-A
630099,3,04/11/2019,VENDOR,1,YI6A2FF-A
630099,4,04/11/2019,VENDOR,1,YI6A2FF-A
630099,5,04/11/2019,VENDOR,1,YI6A2FF-A
630110,1,04/11/2019,PF,1,YTH22FF-A
63021KD,1,04/11/2019,PF,1,HY0Y2ZY-A
63021KD,2,04/11/2019,PF,1,YSH22ZY-A
63133KD,1,04/11/2019,VENDOR,1,YI782FF-A
63133KD,2,04/11/2019,VENDOR,1,YI782FF-A
63133KD,3,04/11/2019,VENDOR,1,YI782FF-A
63133KD,4,04/11/2019,VENDOR,1,YI782FF-A
63133KD,5,04/11/2019,VENDOR,1,YI782FF-A
631339,1,04/11/2019,VENDOR,1,YIR72FF-A
631340,1,04/11/2019,VENDOR,1,YIRF2FF-A
631340,2,04/11/2019,VENDOR,1,YZ3F2FF-A
631340,3,04/11/2019,VENDOR,1,YZ3F2FF-A
6315KD6,1,04/11/2019,VENDOR,1,YRT32FF-A
631KD97,1,05/11/2019,PF,1,YSUE2FF-A
632716,1,04/11/2019,VENDOR,1,YI762FF-A
632716,2,04/11/2019,VENDOR,1,YI762FF-A
632716,3,04/11/2019,VENDOR,1,YI762FF-A
632716,4,04/11/2019,VENDOR,1,YI6E2FF-A
632716,5,04/11/2019,VENDOR,1,YI6E2FF-A
632716,6,04/11/2019,VENDOR,1,YI6E2FF-A
632716,7,04/11/2019,VENDOR,1,YUSZ2FF-A
632716,8,04/11/2019,VENDOR,1,YUSZ2FF-A
632716,9,04/11/2019,VENDOR,1,YI792FF-A
632716,10,04/11/2019,VENDOR,1,YI792FF-A
632716,11,04/11/2019,VENDOR,1,YI792FF-A
632716,12,04/11/2019,VENDOR,1,YI792FF-A
632716,13,04/11/2019,VENDOR,1,YI792FF-A
632716,14,04/11/2019,VENDOR,1,YI792FF-A
632717,1,04/11/2019,VENDOR,1,YTFL2FF-A
632717,2,04/11/2019,VENDOR,1,YTFL2FF-A
632717,3,04/11/2019,VENDOR,1,YUSY2FF-A
632717,4,04/11/2019,VENDOR,1,YUSY2FF-A
632717,5,04/11/2019,VENDOR,1,YTFS2FF-A
632717,6,04/11/2019,VENDOR,1,YTFS2FF-A
632717,7,04/11/2019,VENDOR,1,YUZ32FF-A
632717,8,04/11/2019,VENDOR,1,YUZ32FF-A
632717,9,04/11/2019,VENDOR,1,YTFN2FF-A
632717,10,04/11/2019,VENDOR,1,YTFN2FF-A
632717,11,04/11/2019,VENDOR,1,YTZP2FF-A
632717,12,04/11/2019,VENDOR,1,YTZP2FF-A
632717,13,04/11/2019,VENDOR,1,YTFP2FF-A
632717,14,04/11/2019,VENDOR,1,YTFP2FF-A
6329KD7,1,04/11/2019,PF,1,YYTN2FF-A
6329KDKD,1,04/11/2019,PF,1,YZ3R2FF-A
634753,1,04/11/2019,VENDOR,1,YIRF2FF-A
634753,2,04/11/2019,VENDOR,1,YIZ22FF-A
634757,1,04/11/2019,VENDOR,1,YR962FF-A
635946,1,04/11/2019,VENDOR,1,YZ3I2FF-A
636050,1,04/11/2019,PF,1,YP7P2FF-A
636123,1,04/11/2019,PF,1,HGPS2BR-A
636335,1,04/11/2019,PF,1,HYI72ZY-A
636335,2,04/11/2019,PF,1,YJ1Y2AY-A
63KD534,1,04/11/2019,VENDOR,1,YIIE2FF-A
63KD604,1,04/11/2019,VENDOR,1,YI772FF-A
63KD604,2,04/11/2019,VENDOR,1,YI772FF-A
639029,1,04/11/2019,VENDOR,1,YIZ22FF-A
639754,1,04/11/2019,PF,1,YZ8E2AY-A
640373,1,04/11/2019,VENDOR,1,YIID2FF-A
640373,2,04/11/2019,VENDOR,1,YIZ32FF-A
640373,3,04/11/2019,VENDOR,1,YZ3F2FF-A
641735,1,04/11/2019,PF,1,YSGJ2FF-A
64239KD,1,04/11/2019,VENDOR,1,YI742FF-A
64239KD,2,04/11/2019,VENDOR,1,YI742FF-A
64239KD,3,04/11/2019,VENDOR,1,YI742FF-A
64239KD,4,04/11/2019,VENDOR,1,YI742FF-A
642759,1,04/11/2019,VENDOR,1,YRT32FF-A
642759,2,04/11/2019,VENDOR,1,YRT32FF-A
642759,3,04/11/2019,VENDOR,1,YRT32FF-A
643570,1,04/11/2019,PF,1,YYZ62FF-A
644656,1,04/11/2019,PF,1,YR2A2FF-A
644656,2,04/11/2019,PF,1,YSGJ2FF-A
644656,3,04/11/2019,PF,1,YLL82AY-A
644KD72,1,04/11/2019,VENDOR,1,YI762FF-A
644KD72,2,04/11/2019,VENDOR,1,YI772FF-A
644KD72,3,04/11/2019,VENDOR,1,YI772FF-A
644KD72,4,04/11/2019,VENDOR,1,YI772FF-A
644KD72,5,04/11/2019,VENDOR,1,YI772FF-A
644KD72,6,04/11/2019,VENDOR,1,YI772FF-A
644KD72,7,04/11/2019,VENDOR,1,YI772FF-A
644KD72,8,04/11/2019,VENDOR,1,YI772FF-A
644KD72,9,04/11/2019,VENDOR,1,YI772FF-A
645004,1,04/11/2019,VENDOR,1,YIRF2FF-A
649456,1,04/11/2019,VENDOR,1,YIR62FF-A
649456,2,04/11/2019,VENDOR,1,YIIH2FF-A
649975,1,04/11/2019,PF,1,YIHY2FF-A
650939,1,04/11/2019,PF,1,HLTY2ZY-A
650939,2,04/11/2019,PF,1,HYRF2ZY-A
651161,1,04/11/2019,VENDOR,1,YRT32FF-A
651161,2,04/11/2019,VENDOR,1,YRT32FF-A
651915,1,04/11/2019,PF,1,YZ812AY-A
653631,1,04/11/2019,VENDOR,1,YI762FF-A
653631,2,04/11/2019,VENDOR,1,YI742FF-A
653631,3,04/11/2019,VENDOR,1,YI772FF-A
655KD17,1,04/11/2019,VENDOR,1,YIIE2FF-A
655KD17,2,04/11/2019,VENDOR,1,YIRF2FF-A
655KD20,1,04/11/2019,VENDOR,1,YIRF2FF-A
655KD20,2,04/11/2019,VENDOR,1,YIZ22FF-A
655KD22,1,04/11/2019,VENDOR,1,YUHS2FF-A
6567KD3,1,04/11/2019,VENDOR,1,YIIE2FF-A
6567KD3,2,04/11/2019,VENDOR,1,YIR72FF-A
6567KD3,3,04/11/2019,VENDOR,1,YIR72FF-A
6567KD3,4,04/11/2019,VENDOR,1,YIR72FF-A
657254,1,04/11/2019,VENDOR,1,YI762FF-A
657637,1,04/11/2019,VENDOR,1,YIIE2FF-A
657637,2,04/11/2019,VENDOR,1,YIIE2FF-A
657637,3,04/11/2019,VENDOR,1,YIIE2FF-A
657637,4,04/11/2019,VENDOR,1,YIIE2FF-A
65KD117,1,04/11/2019,VENDOR,1,YYSA2FF-A
650009,1,04/11/2019,VENDOR,1,YI762FF-A
650009,2,04/11/2019,VENDOR,1,YI762FF-A
650009,3,04/11/2019,VENDOR,1,YI762FF-A
650009,4,04/11/2019,VENDOR,1,YTEL2FF-A
650009,5,04/11/2019,VENDOR,1,YTEL2FF-A
65KD750,1,04/11/2019,VENDOR,1,YIID2FF-A
65KD750,2,04/11/2019,VENDOR,1,YIID2FF-A
65KD750,3,04/11/2019,VENDOR,1,YIZ32FF-A
65KD750,4,04/11/2019,VENDOR,1,YIZ32FF-A
661995,1,04/11/2019,PF,1,YK0I2FF-A
662941,1,04/11/2019,PF,1,YIHD2FF-A
664592,1,04/11/2019,VENDOR,1,YIRF2FF-A
667372,1,04/11/2019,PF,1,YR912FF-A
66KD526,1,04/11/2019,VENDOR,1,YI762FF-A
66KD526,2,04/11/2019,VENDOR,1,YI762FF-A
66KD526,3,04/11/2019,VENDOR,1,YI762FF-A
66KD526,4,04/11/2019,VENDOR,1,YI762FF-A
66KD612,1,05/11/2019,PF,1,YITR2AY-A
66KD612,2,05/11/2019,PF,1,YU7Y2FF-A
66KD612,3,05/11/2019,PF,1,YIUR2AY-A
66KD696,1,04/11/2019,PF,1,HY6U2KH-A
66KD696,2,04/11/2019,PF,1,YIHY2FF-A
66KD696,3,04/11/2019,PF,1,YIHY2FF-A
670757,1,04/11/2019,VENDOR,1,YI742FF-A
670757,2,04/11/2019,VENDOR,1,YI742FF-A
670757,3,04/11/2019,VENDOR,1,YI742FF-A
670757,4,04/11/2019,VENDOR,1,YI742FF-A
670757,5,04/11/2019,VENDOR,1,YI742FF-A
670757,6,04/11/2019,VENDOR,1,YI742FF-A
670757,7,04/11/2019,VENDOR,1,YI742FF-A
670757,8,04/11/2019,VENDOR,1,YI742FF-A
670757,9,04/11/2019,VENDOR,1,YI742FF-A
672KD29,1,04/11/2019,VENDOR,1,YIZ22FF-A
673153,1,04/11/2019,VENDOR,1,YIZ12FF-A
673153,2,04/11/2019,VENDOR,1,YIZ12FF-A
673153,3,04/11/2019,VENDOR,1,YIIE2FF-A
673153,4,04/11/2019,VENDOR,1,YIIE2FF-A
673153,5,04/11/2019,VENDOR,1,YIIE2FF-A
673153,6,04/11/2019,VENDOR,1,YIZ22FF-A
673153,7,04/11/2019,VENDOR,1,YIZ22FF-A
673153,8,04/11/2019,VENDOR,1,YIZ22FF-A
673153,9,04/11/2019,VENDOR,1,YIZ32FF-A
673153,10,04/11/2019,VENDOR,1,YIZ32FF-A
673154,1,04/11/2019,VENDOR,1,YIIE2FF-A
673154,2,04/11/2019,VENDOR,1,YZ3I2FF-A
673154,3,04/11/2019,VENDOR,1,YZ3I2FF-A
673194,1,04/11/2019,PF,1,YIHY2FF-A
6733KD7,1,04/11/2019,VENDOR,1,YI742FF-A
6733KD7,2,04/11/2019,VENDOR,1,YI742FF-A
6733KD7,3,04/11/2019,VENDOR,1,YI742FF-A
6733KD7,4,04/11/2019,VENDOR,1,YI742FF-A
6733KD7,5,04/11/2019,VENDOR,1,YI742FF-A
6733KD7,6,04/11/2019,VENDOR,1,YI742FF-A
673420,1,04/11/2019,PF,1,YSGJ2FF-A
673501,1,04/11/2019,VENDOR,1,YIIE2FF-A
673501,2,04/11/2019,VENDOR,1,YIZ22FF-A
6737KD3,1,04/11/2019,VENDOR,1,YIIE2FF-A
6737KD3,2,04/11/2019,VENDOR,1,YIIE2FF-A
6737KD3,3,04/11/2019,VENDOR,1,YIIE2FF-A
6737KD3,4,04/11/2019,VENDOR,1,YIID2FF-A
6737KD3,5,04/11/2019,VENDOR,1,YIID2FF-A
6737KD3,6,04/11/2019,VENDOR,1,YIRE2FF-A
6737KD3,7,04/11/2019,VENDOR,1,YIRE2FF-A
6737KDKD,1,04/11/2019,VENDOR,1,YZ3I2FF-A
6737KDKD,2,04/11/2019,VENDOR,1,YZ3I2FF-A
6737KDKD,3,04/11/2019,VENDOR,1,YZ3I2FF-A
6737KDKD,4,04/11/2019,VENDOR,1,YZ3I2FF-A
673791,1,04/11/2019,VENDOR,1,YIIE2FF-A
673791,2,04/11/2019,VENDOR,1,YZ3F2FF-A
673791,3,04/11/2019,VENDOR,1,YZ3F2FF-A
674102,1,04/11/2019,PF,1,YIIK2FF-A
67556KD,1,04/11/2019,VENDOR,1,YUHS2FF-A
67556KD,2,04/11/2019,VENDOR,1,YRFY2FF-A
67556KD,3,04/11/2019,VENDOR,1,YRFY2FF-A
676KD27,1,04/11/2019,PF,1,YIHJ2FF-A
676KD27,2,04/11/2019,PF,1,YZ012ZY-A
676KD3KD,1,04/11/2019,VENDOR,1,YIIE2FF-A
676KD3KD,2,04/11/2019,VENDOR,1,YIR72FF-A
676KD3KD,3,04/11/2019,VENDOR,1,YIR82FF-A
676KD3KD,4,04/11/2019,VENDOR,1,YIR82FF-A
676KD3KD,5,04/11/2019,VENDOR,1,YZ3I2FF-A
676KD3KD,6,04/11/2019,VENDOR,1,YZ3I2FF-A
677107,1,04/11/2019,PF,1,YIHH2FF-A
677225,1,04/11/2019,PF,1,YIY62FF-A
677KDKD0,1,04/11/2019,VENDOR,1,YI6E2FF-A
677KDKD0,2,04/11/2019,VENDOR,1,YI6E2FF-A
677KDKD0,3,04/11/2019,VENDOR,1,YI6E2FF-A
67KD114,1,04/11/2019,VENDOR,1,YI762FF-A
67KD114,2,04/11/2019,VENDOR,1,YI762FF-A
67KD114,3,04/11/2019,VENDOR,1,YI762FF-A
67KD531,1,04/11/2019,VENDOR,1,YTZR2FF-A
67KD531,2,04/11/2019,VENDOR,1,YTZR2FF-A
67KDKD52,1,04/11/2019,PF,1,YK032BE-A
67KDKD52,2,04/11/2019,PF,1,YRS22ZY-A
67900KD,1,04/11/2019,VENDOR,1,YIRF2FF-A
67900KD,2,04/11/2019,VENDOR,1,YIZ22FF-A
67900KD,3,04/11/2019,VENDOR,1,YIZ22FF-A
67900KD,4,04/11/2019,VENDOR,1,YIZ22FF-A
67900KD,5,04/11/2019,VENDOR,1,YIZ22FF-A
679609,1,04/11/2019,PF,1,YZ8E2AY-A
679941,1,04/11/2019,PF,1,HN6Z2ZY-A
6KD0207,1,04/11/2019,PF,1,YIHJ2FF-A
6KD0207,2,04/11/2019,PF,1,YZ0H2ZY-A
6KD0207,3,04/11/2019,PF,1,YZ0H2ZY-A
6KD03KD1,1,04/11/2019,PF,1,YYTN2FF-A
6KD1900,1,04/11/2019,PF,1,YSUE2FF-A
6KD1951,1,04/11/2019,PF,1,YYZ62FF-A
6KD25KDKD,1,04/11/2019,VENDOR,1,YIRF2FF-A
6KD4092,1,04/11/2019,VENDOR,1,YIR82FF-A
6KD4092,2,04/11/2019,VENDOR,1,YIRF2FF-A
6KD4092,3,04/11/2019,VENDOR,1,YIRF2FF-A
6KD4092,4,04/11/2019,VENDOR,1,YIRF2FF-A
6KD4092,5,04/11/2019,VENDOR,1,YIRF2FF-A
6KD4092,6,04/11/2019,VENDOR,1,YIRF2FF-A
6KD4092,7,04/11/2019,VENDOR,1,YIRF2FF-A
6KD473KD,1,04/11/2019,VENDOR,1,YRT42FF-A
6KD473KD,2,04/11/2019,VENDOR,1,YRT42FF-A
6KD473KD,3,04/11/2019,VENDOR,1,YRR02FF-A
6KD473KD,4,04/11/2019,VENDOR,1,YRR02FF-A
6KD473KD,5,04/11/2019,VENDOR,1,YR992FF-A
6KD473KD,6,04/11/2019,VENDOR,1,YYSA2FF-A
6KD473KD,7,04/11/2019,VENDOR,1,YYSA2FF-A
6KD473KD,8,04/11/2019,VENDOR,1,YRR12FF-A
6KD473KD,9,04/11/2019,VENDOR,1,YRR12FF-A
6KD473KD,10,04/11/2019,VENDOR,1,YUHN2FF-A
6KD473KD,11,04/11/2019,VENDOR,1,YUHN2FF-A
6KD473KD,12,04/11/2019,VENDOR,1,YUHN2FF-A
6KD473KD,13,04/11/2019,VENDOR,1,YUHN2FF-A
6KD473KD,14,04/11/2019,VENDOR,1,YUHN2FF-A
6KD473KD,15,04/11/2019,VENDOR,1,YUHN2FF-A
6KD473KD,16,04/11/2019,VENDOR,1,YUHN2FF-A
6KD473KD,17,04/11/2019,VENDOR,1,YUHN2FF-A
6KD473KD,18,04/11/2019,VENDOR,1,YUHN2FF-A
6KD473KD,19,04/11/2019,VENDOR,1,YUHN2FF-A
6KD473KD,20,04/11/2019,VENDOR,1,YUHN2FF-A
6KD5150,1,04/11/2019,PF,1,YIHG2FF-A
6KD6541,1,04/11/2019,PF,1,YJ1Y2AY-A
6KD6541,2,04/11/2019,PF,1,YU7E2AY-A
6KD6571,1,04/11/2019,PF,1,YRSF2ZY-A
6KD6599,1,04/11/2019,PF,1,YILT2FF-A
6KD7419,1,04/11/2019,PF,1,YU8H2LL-A
6KD7419,2,04/11/2019,PF,1,YTHR2FF-A
6KD7419,3,04/11/2019,PF,1,YU8F2FF-A
6KD77KD9,1,04/11/2019,VENDOR,1,YIRD2FF-A
6KD77KD9,2,04/11/2019,VENDOR,1,YIRD2FF-A
6KD77KD9,3,04/11/2019,VENDOR,1,YIRF2FF-A
6KD77KD9,4,04/11/2019,VENDOR,1,YIRF2FF-A
6KD77KD9,5,04/11/2019,VENDOR,1,YZ3F2FF-A
6KD77KD9,6,04/11/2019,VENDOR,1,YZ3F2FF-A
6KDKD273,1,04/11/2019,VENDOR,1,YIZ12FF-A
6KDKD273,2,04/11/2019,VENDOR,1,YIZ12FF-A
6KD9476,1,04/11/2019,PF,1,YZ062ZY-A
690653,1,04/11/2019,PF,1,YYTN2FF-A
691164,1,04/11/2019,VENDOR,1,YIZ12FF-A
691164,2,04/11/2019,VENDOR,1,YIZ12FF-A
691164,3,04/11/2019,VENDOR,1,YIIE2FF-A
691164,4,04/11/2019,VENDOR,1,YIIE2FF-A
691164,5,04/11/2019,VENDOR,1,YIIE2FF-A
691164,6,04/11/2019,VENDOR,1,YIIE2FF-A
691164,7,04/11/2019,VENDOR,1,YIZ22FF-A
691164,8,04/11/2019,VENDOR,1,YIZ32FF-A
691164,9,04/11/2019,VENDOR,1,YIZ32FF-A
691164,10,04/11/2019,VENDOR,1,YZ3F2FF-A
691164,11,04/11/2019,VENDOR,1,YZ3F2FF-A
692179,1,04/11/2019,VENDOR,1,YZ3F2FF-A
692179,2,04/11/2019,VENDOR,1,YZ3F2FF-A
692792,1,04/11/2019,PF,1,YI982ZY-A
692KD96,1,04/11/2019,PF,1,YD592FF-A
692934,1,04/11/2019,PF,1,YSUE2FF-A
692934,2,04/11/2019,PF,1,YYTN2FF-A
692934,3,04/11/2019,PF,1,YYZ62FF-A
6933KD5,1,04/11/2019,VENDOR,1,YIZ22FF-A
693707,1,04/11/2019,VENDOR,1,YUSZ2FF-A
693707,2,04/11/2019,VENDOR,1,YTEL2FF-A
693707,3,04/11/2019,VENDOR,1,YTEL2FF-A
693707,4,04/11/2019,VENDOR,1,YI752FF-A
693707,5,04/11/2019,VENDOR,1,YI752FF-A
693707,6,04/11/2019,VENDOR,1,YI752FF-A
69370KD,1,04/11/2019,VENDOR,1,YIZ32FF-A
69370KD,2,04/11/2019,VENDOR,1,YIZ32FF-A
696100,1,04/11/2019,VENDOR,1,YZ3E2FF-A
696100,2,04/11/2019,VENDOR,1,YZ3E2FF-A
696100,3,04/11/2019,VENDOR,1,YIIK2FF-A
696100,4,04/11/2019,VENDOR,1,YIIK2FF-A
696100,5,04/11/2019,VENDOR,1,YIR62FF-A
696100,6,04/11/2019,VENDOR,1,YIR62FF-A
696100,7,04/11/2019,VENDOR,1,YZ332FF-A
696100,8,04/11/2019,VENDOR,1,YZ332FF-A
696KD09,1,04/11/2019,VENDOR,1,YI742FF-A
696KD09,2,04/11/2019,VENDOR,1,YI792FF-A
696KD09,3,04/11/2019,VENDOR,1,YI792FF-A
69KD164,1,04/11/2019,VENDOR,1,YYSA2FF-A
699152,1,04/11/2019,VENDOR,1,YI762FF-A
699152,2,04/11/2019,VENDOR,1,YI762FF-A
6993KD4,1,05/11/2019,PF,1,YTF32FF-A
69955KD,1,04/11/2019,PF,1,YIHL2FF-A
69955KD,2,04/11/2019,PF,1,YZ0H2ZY-A
700537,1,05/11/2019,PF,1,YYZ62FF-A
701304,1,04/11/2019,VENDOR,1,YYSA2FF-A
701422,1,04/11/2019,PF,1,YYZ62FF-A
701422,2,04/11/2019,PF,1,YYZ62FF-A
701960,1,05/11/2019,PF,1,YIHR2FF-A
702729,1,04/11/2019,VENDOR,1,YI742FF-A
702729,2,04/11/2019,VENDOR,1,YI742FF-A
702729,3,04/11/2019,VENDOR,1,YI742FF-A
703139,1,04/11/2019,PF,1,YSUE2FF-A
70349KD,1,04/11/2019,PF,1,YLUN2AY-A
703721,1,04/11/2019,PF,1,YLA02BE-A
703721,2,04/11/2019,PF,1,YLA02BE-A
703942,1,04/11/2019,VENDOR,1,YIIE2FF-A
704129,1,04/11/2019,VENDOR,1,YI742FF-A
704129,2,04/11/2019,VENDOR,1,YI742FF-A
704129,3,04/11/2019,VENDOR,1,YI742FF-A
704129,4,04/11/2019,VENDOR,1,YI742FF-A
704129,5,04/11/2019,VENDOR,1,YI742FF-A
7055KD9,1,05/11/2019,PF,1,YSGJ2FF-A
706370,1,04/11/2019,PF,1,YD565FF-A
7069KD6,1,04/11/2019,VENDOR,1,YI6E2FF-A
7069KD6,2,04/11/2019,VENDOR,1,YI6E2FF-A
7069KD6,3,04/11/2019,VENDOR,1,YI782FF-A
7069KD6,4,04/11/2019,VENDOR,1,YI782FF-A
7069KD6,5,04/11/2019,VENDOR,1,YI772FF-A
7069KD6,6,04/11/2019,VENDOR,1,YI772FF-A
7071KD1,1,04/11/2019,PF,1,YYZ62FF-A
707307,1,04/11/2019,PF,1,YILT2FF-A
707307,2,04/11/2019,PF,1,YIRU2ZY-A
70KD493,1,04/11/2019,VENDOR,1,YI6E2FF-A
710332,1,04/11/2019,VENDOR,1,YIZ22FF-A
710593,1,04/11/2019,PF,1,YIY02FF-A
710735,1,04/11/2019,VENDOR,1,YIR72FF-A
710735,2,04/11/2019,VENDOR,1,YIR72FF-A
710735,3,04/11/2019,VENDOR,1,YIR72FF-A
710735,4,04/11/2019,VENDOR,1,YIZ32FF-A
710735,5,04/11/2019,VENDOR,1,YIZ32FF-A
711372,1,04/11/2019,VENDOR,1,YI742FF-A
714476,1,04/11/2019,PF,1,YIHL2FF-A
714653,1,04/11/2019,VENDOR,1,YRSY2FF-A
714653,2,04/11/2019,VENDOR,1,YRT42FF-A
714664,1,04/11/2019,PF,1,YP7P2FF-A
715932,1,04/11/2019,VENDOR,1,YI782FF-A
715932,2,04/11/2019,VENDOR,1,YI782FF-A
715932,3,04/11/2019,VENDOR,1,YI782FF-A
717KD52,1,04/11/2019,VENDOR,1,YIRE2FF-A
717KD52,2,04/11/2019,VENDOR,1,YIRE2FF-A
717KD52,3,04/11/2019,VENDOR,1,YIRF2FF-A
71KD2KD7,1,05/11/2019,PF,1,YZ092ZY-A
71KD5KDKD,1,04/11/2019,PF,1,YYZ62FF-A
719204,1,04/11/2019,PF,1,HLZ42BR-A
719372,1,04/11/2019,PF,1,HYPR2ZY-A
719450,1,04/11/2019,VENDOR,1,YYSA2FF-A
719451,1,04/11/2019,VENDOR,1,YIRF2FF-A
719451,2,04/11/2019,VENDOR,1,YIRF2FF-A
719451,3,04/11/2019,VENDOR,1,YIRF2FF-A
719451,4,04/11/2019,VENDOR,1,YIRF2FF-A
719451,5,04/11/2019,VENDOR,1,YZ3I2FF-A
719451,6,04/11/2019,VENDOR,1,YZ3I2FF-A
719455,1,04/11/2019,VENDOR,1,YYSA2FF-A
720190,1,04/11/2019,PF,1,YIHN2FF-A
720190,2,04/11/2019,PF,1,YZ002ZY-A
722739,1,04/11/2019,VENDOR,1,YI6E2FF-A
722739,2,04/11/2019,VENDOR,1,YI6E2FF-A
722739,3,04/11/2019,VENDOR,1,YI792FF-A
722739,4,04/11/2019,VENDOR,1,YI792FF-A
722739,5,04/11/2019,VENDOR,1,YI792FF-A
722739,6,04/11/2019,VENDOR,1,YI792FF-A
722739,7,04/11/2019,VENDOR,1,YI792FF-A
722739,8,04/11/2019,VENDOR,1,YI792FF-A
722741,1,04/11/2019,VENDOR,1,YI792FF-A
722741,2,04/11/2019,VENDOR,1,YI792FF-A
722742,1,04/11/2019,VENDOR,1,YIIE2FF-A
7230KD3,1,04/11/2019,PF,1,YSUE2FF-A
723126,1,04/11/2019,PF,1,YU7Y2FF-A
730394,1,04/11/2019,PF,1,YYZ62FF-A
730394,2,04/11/2019,PF,1,YYZ62FF-A
731031,1,04/11/2019,VENDOR,1,YYSA2FF-A
731031,2,04/11/2019,VENDOR,1,YYSA2FF-A
732193,1,04/11/2019,VENDOR,1,YIIE2FF-A
734126,1,04/11/2019,PF,1,YZ0Y2AY-A
734126,2,04/11/2019,PF,1,YIU22AY-A
734126,3,04/11/2019,PF,1,YZ822AY-A
734126,4,04/11/2019,PF,1,YIU02AY-A
734126,5,04/11/2019,PF,1,YIUI2AY-A
734126,6,04/11/2019,PF,1,YIID2FF-A
734126,7,04/11/2019,PF,1,YRZJ2BE-A
734126,8,04/11/2019,PF,1,YU9F2BE-A
736502,1,04/11/2019,VENDOR,1,YI742FF-A
737371,1,04/11/2019,VENDOR,1,YTFN2FF-A
737371,2,04/11/2019,VENDOR,1,YTFN2FF-A
737372,1,04/11/2019,VENDOR,1,YYSA2FF-A
7391KDKD,1,04/11/2019,PF,1,YYZ62FF-A
7397KDKD,1,04/11/2019,PF,1,YILR2FF-A
740040,1,05/11/2019,PF,1,YSUE2FF-A
740172,1,04/11/2019,VENDOR,1,YR0N2FF-A
740172,2,04/11/2019,VENDOR,1,YR0N2FF-A
740172,3,04/11/2019,VENDOR,1,YR0N2FF-A
742326,1,04/11/2019,VENDOR,1,YI742FF-A
742326,2,04/11/2019,VENDOR,1,YI742FF-A
743KD51,1,04/11/2019,VENDOR,1,YI782FF-A
743KD51,2,04/11/2019,VENDOR,1,YI782FF-A
743KD51,3,04/11/2019,VENDOR,1,YUU32FF-A
743KD51,4,04/11/2019,VENDOR,1,YI792FF-A
743KD51,5,04/11/2019,VENDOR,1,YI792FF-A
743KD51,6,04/11/2019,VENDOR,1,YI752FF-A
743KD51,7,04/11/2019,VENDOR,1,YI752FF-A
743KDKD1,1,04/11/2019,PF,1,YS6H2BR-A
7456KD6,1,04/11/2019,VENDOR,1,YTEL2FF-A
745766,1,04/11/2019,VENDOR,1,YIRF2FF-A
746579,1,04/11/2019,VENDOR,1,YTHR2FF-A
746579,2,04/11/2019,VENDOR,1,YTHR2FF-A
746579,3,04/11/2019,VENDOR,1,YTHR2FF-A
7465KD2,1,04/11/2019,VENDOR,1,YI742FF-A
7465KD2,2,04/11/2019,VENDOR,1,YI742FF-A
7465KD2,3,04/11/2019,VENDOR,1,YI742FF-A
746KD09,1,04/11/2019,VENDOR,1,YIZ22FF-A
746KD11,1,04/11/2019,VENDOR,1,YI6A2FF-A
746KD11,2,04/11/2019,VENDOR,1,YI6A2FF-A
746KD11,3,04/11/2019,VENDOR,1,YI6A2FF-A
746KD13,1,04/11/2019,VENDOR,1,YIZ32FF-A
747320,1,04/11/2019,PF,1,YD819FF-A
747320,2,04/11/2019,PF,1,YD819FF-A
747320,3,04/11/2019,PF,1,YE291FF-A
747320,4,04/11/2019,PF,1,YE291FF-A
747320,5,04/11/2019,PF,1,YE291FF-A
747KD45,1,04/11/2019,VENDOR,1,YRTR2FF-A
747KD45,2,04/11/2019,VENDOR,1,YRFY2FF-A
747KD46,1,04/11/2019,VENDOR,1,YIRD2FF-A
747KD46,2,04/11/2019,VENDOR,1,YIRD2FF-A
74KDKD12,1,04/11/2019,VENDOR,1,YIR72FF-A
74KDKD12,2,04/11/2019,VENDOR,1,YIR82FF-A
74KDKD12,3,04/11/2019,VENDOR,1,YIR82FF-A
74KDKD45,1,04/11/2019,PF,1,YU7Y2FF-A
750645,1,04/11/2019,VENDOR,1,YIIK2FF-A
750645,2,04/11/2019,VENDOR,1,YIIK2FF-A
750KD2KD,1,04/11/2019,PF,1,YSUE2FF-A
753650,1,05/11/2019,PF,1,YSGJ2FF-A
753926,1,04/11/2019,VENDOR,1,YTFL2FF-A
753926,2,04/11/2019,VENDOR,1,YTFL2FF-A
753926,3,04/11/2019,VENDOR,1,YI782FF-A
753926,4,04/11/2019,VENDOR,1,YI782FF-A
753926,5,04/11/2019,VENDOR,1,YI782FF-A
753926,6,04/11/2019,VENDOR,1,YTHR2FF-A
753926,7,04/11/2019,VENDOR,1,YTHR2FF-A
753926,8,04/11/2019,VENDOR,1,YU172FF-A
753926,9,04/11/2019,VENDOR,1,YU172FF-A
753926,10,04/11/2019,VENDOR,1,YTEL2FF-A
753926,11,04/11/2019,VENDOR,1,YTEL2FF-A
753926,12,04/11/2019,VENDOR,1,YUZ72FF-A
753926,13,04/11/2019,VENDOR,1,YTFP2FF-A
753926,14,04/11/2019,VENDOR,1,YTFP2FF-A
753926,15,04/11/2019,VENDOR,1,YUU52FF-A
753926,16,04/11/2019,VENDOR,1,YUU52FF-A
753926,17,04/11/2019,VENDOR,1,YR0P2FF-A
753926,18,04/11/2019,VENDOR,1,YR0P2FF-A
753926,19,04/11/2019,VENDOR,1,YTJD2FF-A
754415,1,04/11/2019,VENDOR,1,YIRD2FF-A
754415,2,04/11/2019,VENDOR,1,YIRD2FF-A
754415,3,04/11/2019,VENDOR,1,YIRE2FF-A
754415,4,04/11/2019,VENDOR,1,YIRE2FF-A
754415,5,04/11/2019,VENDOR,1,YIR72FF-A
754415,6,04/11/2019,VENDOR,1,YIR72FF-A
754415,7,04/11/2019,VENDOR,1,YIR72FF-A
754415,8,04/11/2019,VENDOR,1,YIR82FF-A
754415,9,04/11/2019,VENDOR,1,YIR82FF-A
754415,10,04/11/2019,VENDOR,1,YIRF2FF-A
754415,11,04/11/2019,VENDOR,1,YZ3I2FF-A
754415,12,04/11/2019,VENDOR,1,YZ3I2FF-A
755926,1,04/11/2019,VENDOR,1,YRSY2FF-A
755926,2,04/11/2019,VENDOR,1,YRSY2FF-A
755926,3,04/11/2019,VENDOR,1,YRSY2FF-A
755926,4,04/11/2019,VENDOR,1,YRSY2FF-A
755926,5,04/11/2019,VENDOR,1,YRR02FF-A
755926,6,04/11/2019,VENDOR,1,YRR12FF-A
756646,1,04/11/2019,VENDOR,1,YRH62FF-A
756646,2,04/11/2019,VENDOR,1,YRH62FF-A
756646,3,04/11/2019,VENDOR,1,YRH62FF-A
756646,4,04/11/2019,VENDOR,1,YRH62FF-A
75KD74KD,1,04/11/2019,PF,1,YD464BE-A
75KD74KD,2,04/11/2019,PF,1,YYEL2AY-A
759317,1,04/11/2019,PF,1,YLJH2FF-A
761366,1,04/11/2019,VENDOR,1,YI762FF-A
761366,2,04/11/2019,VENDOR,1,YI762FF-A
761366,3,04/11/2019,VENDOR,1,YI772FF-A
761366,4,04/11/2019,VENDOR,1,YI772FF-A
761709,1,04/11/2019,PF,1,YIY32FF-A
761766,1,04/11/2019,VENDOR,1,YI772FF-A
761766,2,04/11/2019,VENDOR,1,YI772FF-A
761767,1,04/11/2019,VENDOR,1,YIIE2FF-A
76176KD,1,04/11/2019,VENDOR,1,YIZ12FF-A
76176KD,2,04/11/2019,VENDOR,1,YIRD2FF-A
76176KD,3,04/11/2019,VENDOR,1,YIRD2FF-A
76176KD,4,04/11/2019,VENDOR,1,YIR82FF-A
76176KD,5,04/11/2019,VENDOR,1,YIR82FF-A
76176KD,6,04/11/2019,VENDOR,1,YIR82FF-A
76176KD,7,04/11/2019,VENDOR,1,YIZ32FF-A
764165,1,04/11/2019,VENDOR,1,YI6E2FF-A
764165,2,04/11/2019,VENDOR,1,YI6E2FF-A
764165,3,04/11/2019,VENDOR,1,YI6E2FF-A
764165,4,04/11/2019,VENDOR,1,YI772FF-A
764165,5,04/11/2019,VENDOR,1,YI772FF-A
764165,6,04/11/2019,VENDOR,1,YI772FF-A
764165,7,04/11/2019,VENDOR,1,YI772FF-A
764165,8,04/11/2019,VENDOR,1,YI772FF-A
764165,9,04/11/2019,VENDOR,1,YI772FF-A
76676KD,1,04/11/2019,PF,1,YI362FF-A
76KD040,1,04/11/2019,PF,1,YIHY2FF-A
76KD413,1,05/11/2019,PF,1,YILT2FF-A
76KD645,1,04/11/2019,VENDOR,1,YIIE2FF-A
76KD645,2,04/11/2019,VENDOR,1,YIIE2FF-A
76KD645,3,04/11/2019,VENDOR,1,YIIE2FF-A
76KD645,4,04/11/2019,VENDOR,1,YIIE2FF-A
76KD645,5,04/11/2019,VENDOR,1,YIR72FF-A
76KD645,6,04/11/2019,VENDOR,1,YIRF2FF-A
76KD645,7,04/11/2019,VENDOR,1,YIZ22FF-A
76KD669,1,04/11/2019,PF,1,YSUE2FF-A
76KD9KD2,1,04/11/2019,PF,1,YIHJ2FF-A
769121,1,04/11/2019,VENDOR,1,YI742FF-A
769121,2,04/11/2019,VENDOR,1,YI772FF-A
769121,3,04/11/2019,VENDOR,1,YI772FF-A
769121,4,04/11/2019,VENDOR,1,YI772FF-A
769396,1,04/11/2019,PF,1,YUF82AY-A
769760,1,04/11/2019,VENDOR,1,YRTT2FF-A
769KD40,1,04/11/2019,VENDOR,1,YIZ22FF-A
770240,1,04/11/2019,VENDOR,1,YI742FF-A
770240,2,04/11/2019,VENDOR,1,YI742FF-A
770240,3,04/11/2019,VENDOR,1,YI742FF-A
770561,1,04/11/2019,VENDOR,1,YI772FF-A
770561,2,04/11/2019,VENDOR,1,YI772FF-A
771533,1,04/11/2019,PF,1,YRYE2BE-A
7717KD9,1,04/11/2019,PF,1,YD565FF-A
772245,1,04/11/2019,PF,1,YLL82AY-A
772344,1,04/11/2019,PF,1,YY4T2AY-A
7KD009KD,1,04/11/2019,PF,1,HN692ZY-A
7KD2272,1,05/11/2019,PF,1,YRYE2BE-A
7KD3297,1,04/11/2019,PF,1,YSUE2FF-A
7KD3KD69,1,04/11/2019,PF,1,YILZ2FF-A
7KD4365,1,04/11/2019,PF,1,YSUE2FF-A
7KD439KD,1,05/11/2019,PF,1,YS6J2BR-A
7KD4KD53,1,05/11/2019,PF,1,YYZ62FF-A
7KD9523,1,04/11/2019,PF,1,YS6J2BR-A
793146,1,04/11/2019,PF,1,YIU52AY-A
794KD3KD,1,04/11/2019,PF,1,YYEL2AY-A
795362,1,04/11/2019,PF,1,YIY62FF-A
KD01927,1,04/11/2019,PF,1,YITY2AY-A
KD03136,1,04/11/2019,PF,1,HN6Z2ZY-A
KD06409,1,04/11/2019,PF,1,YSUE2FF-A
KD06KD09,1,05/11/2019,PF,1,YSUE2FF-A
KD07070,1,04/11/2019,PF,1,YIHG2FF-A
KD10162,1,04/11/2019,PF,1,YIHG2FF-A
KD10162,2,04/11/2019,PF,1,HLZ32BR-A
KD12019,1,04/11/2019,PF,1,YSUE2FF-A
KD1203KD,1,05/11/2019,PF,1,YSGJ2FF-A
KD13293,1,05/11/2019,PF,1,YF032FF-A
KD13293,2,05/11/2019,PF,1,YSGJ2FF-A
KD13936,1,04/11/2019,PF,1,YZ0Y2AY-A
KD14101,1,04/11/2019,PF,1,HY9G2ZY-A
KD14102,1,04/11/2019,PF,1,YSUE2FF-A
KD14652,1,04/11/2019,PF,1,YZ0E2ZY-A
KD15123,1,04/11/2019,PF,1,YILY2FF-A
KD160KDKD,1,04/11/2019,PF,1,YIU22AY-A
KD160KDKD,2,04/11/2019,PF,1,YIU02AY-A
KD160KDKD,3,04/11/2019,PF,1,YIU42AY-A
KD160KDKD,4,04/11/2019,PF,1,YRSU2ZY-A
KD160KDKD,5,04/11/2019,PF,1,YK122FF-A
KD160KDKD,6,04/11/2019,PF,1,YD013BR-A
KD17765,1,04/11/2019,PF,1,YSUE2FF-A
KD1KD727,1,04/11/2019,PF,1,YJ1Y2AY-A
KD25476,1,04/11/2019,PF,1,YSGJ2FF-A
KD25476,2,04/11/2019,PF,1,YU7Y2FF-A
KD2KDKD24,1,05/11/2019,PF,1,YTZS2FF-A
KD2KDKD24,2,05/11/2019,PF,1,YU8G2LL-A
KD2KDKD24,3,05/11/2019,PF,1,YU8F2FF-A
KD30325,1,04/11/2019,PF,1,YRZS2FF-A
KD33045,1,04/11/2019,PF,1,YIHR2FF-A
KD34401,1,04/11/2019,PF,1,YD592FF-A
KD36240,1,04/11/2019,PF,1,YIHN2FF-A
KD36240,2,04/11/2019,PF,1,YU7Y2FF-A
KD36240,3,04/11/2019,PF,1,YKS42FF-A
KD36240,4,04/11/2019,PF,1,YZ002ZY-A
KD373KD0,1,04/11/2019,PF,1,YSUE2FF-A
KD39602,1,04/11/2019,PF,1,YZ0H2ZY-A
KD39602,2,04/11/2019,PF,1,YIHY2FF-A
KD396KD3,1,04/11/2019,PF,1,YIHJ2FF-A
KD40327,1,04/11/2019,PF,1,YI322FF-A
KD41523,1,04/11/2019,PF,1,HY922ZY-A
KD41523,2,04/11/2019,PF,1,YF032FF-A
KD41523,3,04/11/2019,PF,1,YSUE2FF-A
KD41523,4,04/11/2019,PF,1,YYTN2FF-A
KD41524,1,04/11/2019,PF,1,YLA02BE-A
KD41525,1,04/11/2019,PF,1,YIHY2FF-A
KD41705,1,05/11/2019,PF,1,YF032FF-A
KD41705,2,05/11/2019,PF,1,YSUE2FF-A
KD45047,1,05/11/2019,PF,1,YTF32FF-A
KD45047,2,05/11/2019,PF,1,YTF02FF-A
KD4KD323,1,04/11/2019,PF,1,YTFP2FF-A
KD52400,1,04/11/2019,PF,1,YRYE2BE-A
KD54004,1,05/11/2019,PF,1,YSUE2FF-A
KD560KD9,1,04/11/2019,PF,1,YI792FF-A
KD560KD9,2,04/11/2019,PF,1,YK032BE-A
KD62961,1,04/11/2019,PF,1,YR7N2BE-A
KD652KD0,1,04/11/2019,PF,1,YS052FF-A
KD652KD0,2,04/11/2019,PF,1,YLA02BE-A
KD652KD0,3,04/11/2019,PF,1,YU8G2LL-A